Delivery_Distance,Traffic_Congestion,Weather_Condition,Delivery_Slot,Driver_Experience,Num_Stops,Vehicle_Age,Road_Condition_Score,Package_Weight,Fuel_Efficiency,Warehouse_Processing_Time,Delivery_Delay
19.35246582,4,3,2,16,6,9,3,33.6231307,13.01831817,58,1
47.58500101,3,2,1,10,4,2,3,20.81003423,15.12694829,26,0
36.86770315,5,3,2,18,3,9,3,23.79969947,11.26172426,72,1
30.33426573,1,2,3,6,7,8,2,2.932845322,15.96018517,64,1
8.644913382,5,1,1,19,2,9,2,9.957575898,12.82793443,32,1
8.643731496,1,3,3,4,6,4,5,39.63042357,6.112642934,43,0
3.846096996,2,1,1,13,4,1,2,22.97096224,7.880243765,114,1
43.44263114,1,3,1,14,6,1,2,15.43228096,17.59997335,114,1
30.45463558,4,1,1,3,4,5,2,19.50894416,15.8736912,78,0
35.69555631,3,3,1,10,4,2,4,42.79277591,18.42142981,24,0
2.00864022,2,1,2,6,4,8,2,37.57545136,6.763358737,56,1
48.52558276,1,1,3,1,9,5,1,13.97961216,19.85333802,12,0
41.7896894,5,3,3,14,7,5,1,6.316341091,8.141100709,92,1
11.40461642,2,1,3,8,3,2,5,12.97391197,5.176698144,37,0
9.909423393,2,1,1,19,3,7,4,46.07744433,19.96134409,12,0
9.986820983,1,1,2,14,6,8,1,29.28864747,9.216108282,111,1
15.90786991,2,3,3,10,6,1,4,26.90727033,15.02029179,13,0
26.71306515,5,3,2,17,4,2,4,30.02148318,7.650234713,97,1
22.16530591,2,1,1,9,9,4,5,18.61839915,13.70342798,40,0
15.27022787,5,1,3,6,4,5,4,40.45179751,18.5605248,54,0
30.98079184,1,3,2,11,9,2,2,26.40266934,9.802717511,68,0
7.835199172,3,3,1,7,4,1,4,6.279021187,15.05380964,54,0
15.31508778,2,1,2,17,2,9,5,6.888723679,7.818553832,84,1
18.95173032,3,1,3,1,2,1,5,27.07452775,14.37193098,46,0
23.34742923,5,1,3,5,5,4,5,46.86022579,10.04675528,74,0
39.47362211,2,2,1,9,4,2,1,15.76343002,8.168123879,18,0
10.78401533,4,3,1,18,7,4,2,43.54228786,9.697730761,26,0
26.19748748,3,2,1,2,5,8,1,38.32273154,7.682616028,74,1
30.02831387,2,3,2,11,6,8,3,12.76671592,18.52874162,12,1
3.276070223,3,3,2,6,4,9,2,2.298867042,10.95780329,35,1
30.76969774,2,3,2,8,2,5,4,5.541439625,8.679189575,62,0
9.355682061,1,3,1,4,9,7,5,36.56044973,11.72611762,40,0
4.187528056,3,3,3,18,7,3,3,10.38365203,9.808042502,35,0
47.49539133,4,3,3,11,4,4,2,18.87791057,16.16628881,32,1
48.31596962,4,3,2,5,3,9,1,25.33410872,19.56829868,39,1
40.61147006,5,2,2,15,3,1,5,36.41067434,11.57050485,19,1
15.92607469,2,1,3,18,9,2,1,6.104945551,17.915501,81,0
5.785933586,3,1,3,2,5,5,2,20.61513706,13.4879461,117,1
34.5274183,5,2,2,11,3,3,2,24.511109,7.358534976,98,1
22.56747219,3,2,2,13,5,2,3,27.27093967,15.35934113,73,0
6.979873507,2,2,3,4,2,1,4,41.00885175,12.70151746,31,0
25.2636686,4,2,1,7,4,3,1,8.998070655,14.75909785,24,1
2.685037535,1,3,2,11,2,1,3,40.48765687,18.34531119,114,1
45.5566997,4,1,3,4,2,1,5,34.79748217,11.60651856,65,0
13.6802191,5,3,3,15,8,1,4,28.0156053,18.51766435,83,0
33.46359193,1,1,3,1,1,8,3,35.12662958,16.26003521,29,1
16.27384273,5,1,3,3,7,3,1,20.89487808,12.32907389,114,1
26.48333304,2,2,1,14,5,1,2,7.350680505,14.04833203,56,0
27.78880369,1,3,3,6,8,7,5,33.45537939,9.883716988,96,1
10.05786832,5,2,2,18,1,3,1,26.47127918,19.7539595,62,0
48.50964676,2,3,1,1,7,8,4,32.14905263,15.01026745,62,1
38.98150834,4,1,3,6,5,4,4,17.23093966,5.657702787,10,0
47.03544814,2,2,1,6,4,4,2,45.38989558,9.899328586,11,0
44.84654017,3,2,2,16,7,5,2,29.57480849,14.34971651,67,0
30.29709896,2,1,3,5,2,6,5,4.727422972,5.844999167,28,0
46.17183752,2,1,2,17,1,7,5,22.76529754,5.35826287,71,0
5.336132601,3,1,3,10,1,4,2,37.93962471,11.75036359,87,0
10.60316026,5,2,3,18,1,8,2,39.80966081,9.990352695,81,1
3.216137157,5,3,3,7,5,6,4,24.98255411,11.57447912,111,1
16.94118621,2,2,3,3,7,1,2,44.79000476,8.940399648,21,0
20.04518719,3,3,3,13,2,1,3,13.74958764,7.470766204,35,0
14.29610256,3,2,1,15,8,9,1,20.82463551,15.33715035,36,1
41.60813795,4,2,3,19,4,6,2,44.98054707,12.71856674,38,1
18.48091301,5,1,3,3,3,8,5,44.86470747,8.002313169,24,1
14.76579097,1,3,1,4,8,7,3,34.44278206,9.793841394,55,0
27.59210807,5,2,1,5,2,6,5,43.01953708,13.87711861,10,1
7.905287024,5,2,1,1,3,4,3,4.894276714,6.083440224,69,0
40.30765206,4,1,1,4,3,7,2,43.31725132,7.211795139,116,1
4.65298154,1,1,1,12,1,9,1,16.37068537,6.098684062,101,1
49.35745989,4,3,1,10,6,7,5,9.327409865,17.18475999,66,1
38.8399937,1,2,3,13,2,1,3,12.3488069,16.2861385,12,0
10.7370684,2,3,3,14,1,9,4,21.18944115,16.29969398,27,1
1.270583739,1,2,2,5,2,4,2,12.93400423,15.74488015,61,0
40.95760999,4,3,3,4,6,3,1,16.36809551,15.04078136,69,1
35.63600985,5,1,3,14,4,4,2,7.181435061,12.15487873,43,0
36.72135123,1,2,1,10,6,4,4,15.1607499,14.63417245,105,1
38.79224699,1,3,1,17,9,2,1,28.82804882,5.575423322,102,1
4.628187935,3,1,3,10,8,1,4,22.37175855,14.32196634,98,1
18.5648207,5,1,2,7,1,1,2,17.66257868,16.66816558,69,0
6.677583917,2,3,1,16,8,8,3,37.44938038,12.50537541,35,1
43.29206787,4,2,3,1,9,2,2,44.72874358,10.36269993,112,1
31.54160821,2,2,3,17,6,5,2,37.96106653,9.161401022,81,0
17.21400322,5,1,2,9,5,4,2,16.93403475,14.64203075,28,0
4.114359164,1,2,2,6,6,8,5,37.34988731,15.39201798,115,1
16.23813376,1,2,1,19,6,2,4,8.023019032,18.064514,31,0
16.93398278,5,2,2,13,9,9,4,6.950740411,10.13501124,102,1
36.75070274,1,1,3,3,4,7,4,17.60853833,16.54658461,42,0
32.2403161,1,3,3,7,2,7,5,40.48126727,13.42033736,47,0
44.47342439,1,2,2,9,9,1,3,12.69423824,18.24254736,118,1
24.13853133,4,1,2,5,2,2,2,3.63104374,12.91718162,119,1
6.860118051,4,1,2,10,9,4,3,7.019621993,12.76444743,44,0
35.94899457,3,3,2,17,2,4,5,43.00787594,13.66815622,116,1
38.27846738,2,2,1,12,8,3,4,31.87227259,16.23973033,76,0
28.50258268,5,2,2,16,9,7,2,13.03345759,19.47035718,92,1
38.77739182,5,3,1,3,9,8,1,27.98714335,6.103450313,19,1
25.19598422,5,3,3,9,9,2,1,26.61519131,5.801519036,100,1
26.61390864,3,1,2,15,2,4,3,32.94408093,19.06325506,24,0
21.9495099,4,1,1,5,4,3,4,12.04278394,12.94813438,20,0
2.24553721,3,3,2,13,7,2,1,43.28794787,14.22354522,99,1
6.286679923,5,2,3,14,2,6,3,15.81374382,12.23635402,33,0
2.540030099,2,1,3,15,1,4,5,34.85951687,6.404861789,86,0
32.18411015,1,1,3,16,3,6,3,1.298169995,16.52134068,105,1
16.40344307,4,2,2,13,4,2,3,18.94652793,16.20836968,110,1
25.91996387,4,1,2,17,8,4,3,17.90963599,9.675549822,13,0
45.47075722,3,2,1,8,6,6,2,27.40247921,9.593588678,22,0
13.21531923,4,2,3,2,2,5,3,4.100444958,17.56762071,82,0
21.10876323,5,2,2,5,9,3,3,39.611503,6.085358866,66,1
38.02200579,5,3,3,6,2,8,2,11.28014969,18.21657723,107,1
12.21111011,3,3,3,12,5,7,2,34.01337184,8.849925348,46,0
4.772015582,5,3,1,18,4,3,5,40.2590001,13.89477122,57,0
15.19782119,2,2,1,1,7,6,4,28.31290933,19.03991269,80,0
8.899843075,3,2,1,17,8,4,1,37.17371873,15.17183752,10,0
46.55518496,2,3,1,11,5,5,1,33.26208545,11.21644719,69,0
40.5978986,1,1,3,10,5,5,3,18.09872496,15.34301313,21,0
32.03678407,2,2,1,19,2,7,5,40.53849768,10.15969454,30,0
43.70156892,1,1,1,14,8,5,3,15.08771781,9.158876245,20,0
40.37993177,1,1,1,10,2,3,1,28.77503943,19.95024917,53,0
10.14193289,2,2,1,15,6,5,2,37.39718809,16.26185347,67,0
44.73539093,3,2,3,19,8,7,4,19.25831754,14.67079966,117,1
27.42776985,5,1,1,4,6,5,5,15.48699658,10.32934465,53,0
40.5645676,5,1,3,2,4,5,2,23.2376275,5.737412437,87,0
44.9084737,1,3,2,9,4,9,4,40.98919297,5.465853141,107,1
16.58217027,1,3,3,10,6,3,5,46.53112728,13.31271883,43,0
6.392544302,3,2,3,11,4,6,5,27.48162894,16.43049082,34,0
12.16882296,4,3,1,14,8,1,1,33.24257716,13.06068786,13,0
21.92828164,2,3,2,7,9,5,2,45.2120443,17.61177608,73,0
41.08272353,1,3,2,15,1,8,5,5.378069145,5.501397996,99,1
43.17579858,5,3,2,19,4,5,5,11.9878896,10.50128115,25,1
1.340654396,3,1,2,15,4,9,4,35.59055031,8.556055868,19,1
26.02661783,2,2,3,8,2,6,1,41.27535086,11.70909452,118,1
21.45313915,3,3,2,11,6,8,3,42.9229369,6.085645898,75,1
11.88328271,2,1,3,9,3,8,1,21.04780525,19.31197462,44,1
6.873402999,2,1,3,15,7,3,3,4.922325163,8.348831016,92,1
17.5431434,1,1,3,1,5,7,2,22.17018313,18.83461663,15,0
47.20257549,3,3,2,1,4,7,2,11.92136222,11.38839733,28,0
16.83694367,3,3,1,19,5,6,5,14.91422452,19.782862,68,0
26.42074047,5,2,1,3,8,7,2,38.72724406,13.31087575,62,1
35.44792899,5,3,2,10,3,2,5,4.238590758,18.96249296,17,1
18.81785052,1,3,1,8,7,9,1,41.46527027,5.08023483,87,1
48.61732205,1,1,1,15,6,1,2,21.66961975,16.22358209,19,0
48.15991745,4,2,3,10,1,1,1,30.00516459,18.5457598,76,1
13.3373325,5,3,3,1,7,3,1,4.937785446,7.095808505,47,0
25.36517679,2,3,2,18,7,3,2,17.19927438,6.441887776,38,0
15.74303718,3,1,2,2,1,1,1,4.940195491,11.36858911,24,0
14.95718422,1,1,1,19,9,7,2,48.09641428,19.00518359,96,1
2.80746042,3,3,3,13,6,4,2,40.45945164,13.1357984,32,0
30.86865237,3,2,2,1,2,2,2,23.25182134,12.91184696,91,1
25.63127214,4,2,2,2,5,5,3,11.56832614,7.116891774,55,1
3.522458811,5,1,2,16,4,6,1,46.70602771,5.011842666,92,1
14.65367675,1,1,2,15,7,9,4,17.55753149,17.15210136,37,1
45.50502841,3,3,2,13,8,4,2,8.468729369,6.313618445,35,0
12.73853264,1,1,2,16,1,2,1,28.37663723,14.50774728,19,0
8.099848732,2,3,1,17,5,5,5,47.21681896,18.71924682,56,0
24.98318525,4,2,3,7,3,3,2,0.68959938,8.129778697,13,1
49.29687225,2,2,3,17,1,2,2,12.28717974,14.97909254,64,0
12.8607083,1,3,2,7,3,1,4,46.9531582,6.180478651,75,0
33.93464182,1,1,3,13,6,2,3,8.968755359,14.05632716,76,0
38.31936115,5,2,3,5,7,6,3,6.105550856,7.458975814,16,1
12.64423966,3,1,3,17,8,8,2,28.72426718,16.03930341,64,1
36.68260108,3,2,2,3,4,3,1,43.16126925,9.518469422,89,0
19.0213735,2,3,2,7,3,9,5,24.11693598,11.95086513,40,1
31.9829857,4,3,3,17,5,9,5,49.73093071,13.99145813,83,1
32.04295583,3,3,3,7,9,2,1,34.11899913,7.56910116,28,0
27.25295952,5,2,2,1,6,8,2,4.166707907,16.12456728,37,1
5.424198733,2,1,1,17,9,5,5,49.64519052,9.53960511,90,0
41.92982228,2,1,3,17,6,4,3,20.69076472,14.9355779,37,0
16.71822318,5,1,1,11,2,5,1,14.72642543,7.37424576,28,0
10.13940701,4,2,3,3,5,4,4,28.11501959,15.32176489,110,1
2.997981936,5,2,1,15,9,8,2,15.5632258,6.922821092,96,1
29.95375422,4,2,1,11,8,4,1,4.779646602,11.38034744,29,1
34.20065373,5,2,1,16,7,6,5,0.570702982,8.708091106,22,1
1.812803617,5,2,2,9,1,2,2,22.75437597,16.22562874,86,0
26.09255986,1,1,1,1,4,5,3,41.9247394,8.930525068,52,0
12.09829298,2,2,1,16,7,6,2,28.82960169,18.2257596,20,0
32.61346673,5,2,1,9,7,5,2,49.9607613,18.37730317,57,1
9.543955021,5,1,3,19,6,2,3,14.69890896,7.946619728,24,0
34.85594917,3,2,1,12,8,7,3,14.38252571,14.20768918,26,0
19.95003197,2,1,3,19,6,4,2,8.407598282,6.315764626,63,0
46.89976945,3,1,1,9,3,8,3,8.621147619,10.87305649,59,1
7.738526263,2,3,1,7,4,7,1,14.6167365,15.69982594,37,0
17.7122512,3,3,2,14,3,7,3,39.74558224,14.8913487,92,1
6.560202541,5,3,3,19,1,9,3,45.33496114,14.37051004,13,1
46.3099873,5,3,1,19,5,1,2,48.7668149,9.238112955,31,1
43.98962832,1,2,3,2,1,6,1,11.99833788,10.67037424,95,1
13.63913976,3,3,3,9,1,6,4,44.12422851,6.544192171,110,1
33.33921826,4,1,2,13,2,6,4,16.74862692,15.78534231,48,0
41.04388781,1,2,2,15,4,6,5,6.085606954,12.55833195,43,0
28.20483977,3,3,2,3,6,7,3,43.56623381,15.63148449,106,1
26.95287834,3,1,2,11,8,6,3,31.98722891,8.734152872,53,0
12.85076225,1,2,2,14,3,1,1,8.654179356,9.86657343,51,0
5.562035622,5,2,2,8,1,3,4,21.77664725,10.01323006,49,0
44.96357214,3,3,2,18,3,2,5,14.7192559,5.386136146,106,1
45.1204848,5,2,2,19,3,6,1,36.97133115,10.11571809,21,1
32.02197141,1,1,1,16,5,8,3,22.94410342,17.0495686,11,1
17.61245976,5,2,3,2,4,3,4,49.46935728,18.45947744,37,0
18.11126916,2,1,2,8,4,8,5,3.209876622,12.77327473,83,1
36.57182826,4,2,2,6,9,8,2,18.07325567,11.83252543,95,1
44.95840274,3,3,3,12,7,5,4,24.35405827,5.46236928,90,0
44.46723479,4,1,1,15,4,8,5,25.40511096,18.18806506,99,1
39.21390175,5,2,3,8,3,6,1,16.13882321,5.195153201,76,1
32.45955066,3,2,3,4,6,5,2,36.59739233,19.1712512,80,0
5.122858285,5,2,2,15,3,9,5,43.79998014,12.33824373,117,1
8.919806991,2,1,3,17,6,7,5,46.96660545,10.1290174,81,0
45.02915524,1,1,3,13,9,8,3,40.35212215,18.86327652,93,1
30.71502392,3,1,2,18,6,1,4,42.60371977,5.365864897,85,0
1.450655529,2,3,2,2,4,2,3,27.75199238,13.72137342,108,1
5.9721056,2,3,2,13,5,8,2,41.38146721,13.23398787,90,1
33.51158669,3,1,2,13,6,9,5,15.5234435,8.289806018,101,1
1.248017608,5,2,3,15,3,4,3,20.22469872,11.43331147,114,1
8.879594519,2,3,3,10,8,9,4,16.18719418,14.78396009,19,1
27.88795568,4,1,1,3,4,4,2,23.6356731,15.90696795,95,1
34.90286469,2,2,1,19,8,9,1,14.636191,5.010752881,111,1
32.94610172,5,3,3,3,3,7,3,48.09976639,19.05280145,66,1
11.98919616,5,2,1,14,7,2,2,15.98580909,7.467880586,106,1
35.89678185,4,2,3,8,9,9,1,5.353204636,8.503706513,95,1
12.62520529,2,2,1,4,4,4,3,26.57744972,8.952101685,117,1
16.94458521,5,2,2,11,8,8,2,3.326404383,5.567302048,46,1
37.57807885,3,3,1,11,3,7,2,5.971886732,6.845781854,86,0
32.83201205,1,3,2,11,7,7,3,11.35977477,19.79524884,100,1
42.61194711,1,3,2,2,3,8,2,23.48533737,9.728251061,73,1
33.22303172,1,1,2,17,7,1,5,21.94592115,6.729516355,88,0
28.84712156,2,3,2,9,6,5,3,40.08474717,6.604868918,95,1
5.590063624,4,2,1,2,2,2,2,37.10399537,15.79189952,103,1
19.01807435,5,3,3,15,3,2,1,21.60275555,17.81852996,116,1
13.99491602,3,2,2,16,6,1,1,17.01835827,8.854284493,49,0
12.95549253,3,1,1,4,4,5,5,16.16520481,5.313642685,110,1
48.67751718,2,2,2,8,6,2,3,38.81275682,8.346350277,107,1
20.26178851,1,2,1,9,1,4,2,3.077584108,5.847735362,117,1
44.7102812,2,2,1,5,1,3,2,1.134671651,6.550924049,69,0
31.92579267,4,1,1,16,3,3,1,39.8794474,11.4726218,107,1
39.94575387,4,3,3,13,8,2,5,24.11874561,8.448775563,57,1
25.62921756,5,3,1,7,8,6,1,6.978616358,12.73918818,108,1
29.26829035,5,1,1,17,4,2,1,12.16051376,8.802406299,115,1
25.133367,4,2,3,3,6,8,5,46.65894568,19.10805952,28,1
10.5669064,4,3,3,5,8,8,3,43.04539729,18.58915952,81,1
36.40015365,4,1,1,19,7,5,2,35.63435999,13.50209158,112,1
14.75784576,2,3,3,12,7,7,3,24.3701489,10.31635988,42,0
2.191482355,4,1,2,7,4,4,4,26.2560195,10.71720323,53,0
32.6281425,3,2,2,9,9,1,4,48.7746045,11.17778425,101,1
9.678423291,1,3,3,6,6,2,4,48.30563697,15.91368983,46,0
47.08247063,4,1,3,17,3,4,5,11.15581777,11.77458493,98,1
47.74250027,1,3,1,16,5,1,1,40.64967603,17.8509492,45,0
45.82835512,2,3,3,3,5,8,3,10.26351198,19.16142179,90,1
19.13777631,1,3,1,4,5,9,2,11.07010516,10.0391923,97,1
1.75737421,2,3,2,10,8,4,4,33.96660519,13.41041722,30,0
46.48760957,3,1,3,5,9,3,3,20.54755438,6.425848052,11,0
21.98102327,2,2,1,10,9,2,4,46.61144815,8.007035716,40,0
48.36608613,2,1,1,12,6,5,4,4.905981877,11.2019865,117,1
48.21737888,5,1,2,10,6,3,2,25.82051922,8.093040739,106,1
42.79746332,4,1,3,13,9,7,5,45.96681576,18.14840736,39,0
15.42799571,4,2,2,11,4,6,1,45.25362619,7.374293841,85,0
19.8697887,3,3,1,16,6,1,5,8.248196064,11.83491232,53,0
42.7056969,3,3,1,8,4,8,3,18.64856615,14.08548861,21,1
16.52917825,4,3,3,8,1,2,5,31.1465093,15.37795862,60,0
9.305144588,5,2,1,8,7,5,3,8.390046796,10.74604055,58,0
28.28326186,4,3,3,13,6,9,3,48.41709752,18.03648603,33,1
46.87158393,5,2,2,2,9,8,1,45.78009177,13.52478727,33,1
35.10546004,3,3,3,12,7,2,2,8.764033862,11.59261671,69,0
28.93299733,1,3,3,10,7,9,1,6.497195332,6.008609511,20,1
5.761648195,3,1,1,12,2,5,5,4.727719899,11.97034203,22,0
31.13535411,3,2,1,11,9,6,3,45.51746137,17.31103761,100,1
49.51263866,2,1,3,15,9,3,4,10.08437858,14.21811527,81,0
7.864116747,2,1,1,16,6,3,4,21.10610396,17.48243681,83,0
26.39815297,2,1,1,17,3,8,3,22.7181426,12.41017506,81,1
43.99128052,2,2,1,2,1,2,1,30.15104669,6.776925576,73,0
37.29766227,5,2,3,18,4,2,2,4.050899515,5.204597688,29,1
35.15377131,4,3,1,12,3,5,1,11.72455156,9.548293201,81,1
35.42172012,1,1,3,19,1,6,3,46.60877415,15.46985707,82,0
18.61506641,3,3,1,18,3,2,3,45.46630031,16.85389856,80,0
15.38600037,5,1,2,17,4,5,2,39.17388705,9.436292519,87,0
40.65869662,1,2,1,6,8,7,5,1.460361658,12.43480881,37,0
40.69555634,5,2,1,15,9,8,5,16.68683504,11.31678357,11,1
43.48654361,5,2,3,3,3,7,2,31.5839574,11.15784177,52,1
45.74878708,3,1,3,6,6,8,5,14.12191548,8.470230698,17,1
26.05577754,4,2,1,3,5,9,4,45.52454141,7.045566575,22,1
25.57429844,2,1,2,1,6,5,5,31.87752836,7.950328373,94,1
40.11646377,4,3,1,13,4,5,5,4.059382507,5.829985807,101,1
32.84823261,3,1,1,14,6,4,5,45.49577665,7.971961127,44,0
35.39637699,3,3,2,13,7,9,4,47.90944958,5.138013464,32,1
39.9938408,3,1,3,4,9,5,5,4.34676471,14.40887601,55,0
44.61026175,1,3,1,7,7,2,4,26.85183163,9.745631111,24,0
17.56176269,4,2,3,10,6,8,2,15.51653197,19.59717067,11,1
19.40356468,4,3,3,7,1,7,1,19.94553429,7.905755762,70,0
5.605115052,5,2,2,15,2,8,2,9.392735289,10.18742855,85,1
29.33572691,5,2,2,15,1,3,1,29.11456905,10.36761738,73,1
2.761171416,5,3,3,4,9,4,2,47.91997799,5.126772441,61,0
23.81430289,3,1,1,6,9,5,1,25.40209371,17.5881193,45,0
27.5895871,4,1,3,5,7,6,1,4.604271779,5.479916902,76,0
15.04052135,3,1,1,12,2,1,3,31.19006601,19.10269752,78,0
29.95082977,1,1,1,1,6,4,1,17.34103823,18.38111527,76,0
2.494512247,5,1,2,8,4,5,1,42.86829688,13.03282874,56,0
2.830061249,3,2,1,1,1,7,3,22.01656834,13.15393362,92,1
41.30742747,3,1,1,5,1,5,5,10.04556064,14.80666884,11,0
18.64934143,1,2,3,6,5,1,5,9.959728323,10.80575018,53,0
7.22596512,2,2,2,3,2,7,3,38.55382695,14.70833425,110,1
26.58991974,4,2,1,15,4,8,4,13.64658612,5.67152583,73,1
38.7296841,2,3,1,5,1,7,1,38.47805301,5.81071441,90,0
11.57523035,5,3,2,14,4,4,1,10.69142188,11.85845629,87,0
31.52163332,3,2,3,18,6,8,3,16.42347525,13.24433452,37,1
5.182025785,1,3,2,16,4,5,3,23.54160514,18.31726461,100,1
3.532404337,1,1,2,6,1,9,4,47.18819456,6.569909509,63,1
27.03637695,4,1,1,14,7,5,5,46.62070553,17.33971891,83,0
27.49112096,2,2,1,8,2,1,2,10.74015783,8.150710059,76,0
32.23406517,4,1,3,7,9,9,5,18.23184254,10.91125473,45,1
36.57847535,3,2,1,8,3,5,1,7.895269728,9.749036522,111,1
48.81675189,4,2,1,13,8,6,3,25.74426143,11.00232909,72,1
26.29871707,1,1,2,6,8,4,4,23.29883626,7.257432471,34,0
16.82486717,1,3,1,18,3,6,5,45.08762804,12.55355112,95,1
39.96412354,5,1,3,2,4,8,4,46.5352662,17.02463885,57,1
14.27078031,5,1,2,8,2,3,5,19.48658585,11.62301016,48,0
22.50959961,3,2,3,11,4,5,1,24.84102818,12.35920364,56,0
4.844362686,2,2,2,1,9,2,2,44.86369433,17.73151378,103,1
2.242186427,4,2,1,6,2,2,4,40.43203648,15.59087172,30,0
48.16977232,3,2,2,16,3,7,4,0.680987412,12.35681613,39,0
41.96302591,5,3,2,12,4,6,2,16.34294843,8.865434723,101,1
35.1027361,4,3,1,11,5,4,4,21.37782498,18.2739012,40,1
21.03869428,5,3,1,10,1,5,4,11.87095604,13.65530603,35,1
9.491421683,4,2,3,3,7,1,5,10.37879499,8.317214152,116,1
8.665415091,2,2,3,13,7,7,5,2.370333076,9.03679629,31,0
13.26190201,3,2,1,3,9,8,2,32.34680139,17.04699633,30,1
27.91210657,4,3,1,15,4,9,1,13.49425938,5.662183431,10,1
36.01520021,1,2,1,16,6,8,4,3.091185332,19.88138281,46,1
33.34967146,1,1,2,13,2,5,1,11.93347587,6.955275196,86,0
14.71676095,4,1,2,17,4,3,2,40.19474067,16.94102788,94,1
47.78839875,4,2,2,3,2,9,2,42.64871449,10.92162975,55,1
37.15694892,4,1,1,11,5,6,5,24.41177914,12.38324275,18,0
28.16334857,1,1,3,19,7,5,4,21.09549819,18.20975866,26,0
30.97431657,1,3,1,11,1,3,3,48.90375783,11.19366784,56,0
21.56040306,4,2,2,16,7,6,2,10.42795065,13.06240631,94,1
13.13881849,5,2,2,3,6,3,4,11.1602845,5.739494936,104,1
18.44266125,5,3,1,6,6,6,1,14.94742526,5.035212108,112,1
38.13445941,2,1,1,14,8,4,5,9.051487255,8.671998095,68,0
1.705280943,3,1,2,18,8,2,1,19.27859711,15.20874639,63,0
6.687559385,5,2,2,17,6,8,2,45.58629424,6.8189734,95,1
3.254129459,1,1,2,4,3,4,2,30.95971811,6.706429382,21,0
2.995711314,5,3,1,15,5,9,1,20.89135416,11.16440912,73,1
42.91756862,2,3,2,11,2,7,2,46.75333433,14.71755558,15,0
35.47923511,2,2,2,3,5,2,4,2.898979508,15.68107988,62,0
24.23451763,3,3,3,3,9,4,2,10.90867081,7.676760111,25,0
5.793873872,5,3,1,16,1,5,5,28.51148595,6.193822211,99,1
25.08917788,1,2,3,5,5,3,4,30.96985485,19.10595551,14,0
24.20011677,1,3,3,10,6,9,3,2.458096575,8.909995738,82,1
9.486891626,4,3,2,19,7,5,2,20.45041852,17.80019746,55,0
22.25873081,1,3,1,4,9,2,2,32.63312126,17.95237176,113,1
20.52673199,3,1,2,19,6,3,5,35.05449205,16.58783888,23,0
31.1766548,3,2,1,11,5,9,5,32.08792517,7.5325041,53,1
32.11958889,1,2,3,2,7,7,1,16.36787961,17.32702189,72,0
3.219896479,1,2,1,10,1,2,1,5.129246118,16.53875839,115,1
19.35601812,4,1,2,11,5,9,1,21.6420661,13.95084485,103,1
31.66713587,1,1,2,16,2,4,5,6.87334465,10.05803053,61,0
25.65367667,4,2,2,19,4,9,1,47.4073711,8.937629064,35,1
42.96800222,4,1,1,11,7,2,1,24.02095787,6.828338181,62,0
33.27598795,1,2,3,14,5,4,3,16.20432913,12.646356,118,1
8.983786927,2,1,3,2,6,5,1,38.43205152,13.77891313,38,0
4.457868623,2,3,1,5,2,2,2,25.14845533,10.39008486,28,0
32.47854463,4,3,2,5,3,1,5,15.84668419,12.13038602,56,1
2.299054217,1,2,3,19,7,7,4,40.69240325,10.45271686,17,0
29.70300348,2,1,2,12,2,1,3,43.42403147,14.61509086,32,0
47.07128183,1,1,1,18,6,8,5,33.81390423,18.51888812,115,1
29.19823472,1,3,2,4,5,3,5,2.824738909,7.458803931,44,0
20.02032638,1,3,3,17,1,6,2,28.53298257,10.72113215,104,1
32.5211227,5,1,3,10,4,7,1,38.28309814,7.113029059,62,0
23.45439163,1,1,2,6,2,1,2,7.256899098,14.37415656,108,1
27.73522268,5,1,1,14,4,6,1,11.81920219,15.93305764,105,1
47.13177563,4,1,2,11,1,7,1,44.1835077,18.97869099,67,0
19.91902925,2,1,1,11,2,6,5,1.496025232,9.183078894,14,0
48.09833763,2,1,2,18,8,4,1,37.75999332,19.25316809,25,0
45.36218146,2,2,3,18,6,1,3,23.95177798,5.948940077,26,0
10.5937656,2,1,1,11,2,9,3,22.61522186,14.04520795,41,1
4.398703743,2,3,1,12,6,4,3,0.851278358,5.85699079,111,1
5.938122067,2,2,1,5,9,7,5,41.06021243,18.40661282,105,1
1.892869457,2,1,3,9,7,7,2,18.31133258,12.94713586,61,0
5.627705077,4,3,2,9,9,2,4,27.26789875,15.04022526,29,0
34.4673319,1,2,3,10,5,1,1,34.02638397,17.47360889,75,0
4.488243775,3,3,1,19,7,8,4,35.28016403,7.254659337,93,1
16.62980588,5,1,2,1,7,8,2,47.82101291,5.578873429,91,1
42.39889024,3,1,3,7,3,7,2,26.80132769,18.18321719,10,0
2.140324851,3,1,1,4,7,8,5,20.28611777,9.723998412,67,1
40.90895565,1,1,1,1,1,3,3,47.70832951,6.934683619,102,1
14.81088396,1,2,3,15,9,2,3,32.28445663,12.02691856,102,1
6.790076553,1,2,3,8,6,7,2,15.25844264,13.97459114,92,1
35.1401211,2,3,3,12,5,8,5,6.759980147,5.464559051,53,1
31.81819949,4,1,1,18,7,1,5,42.20644782,9.123434874,113,1
43.99612866,2,3,3,15,5,9,1,18.42798934,5.491998114,15,1
37.01848115,4,2,1,17,5,4,3,33.19325121,11.30503084,117,1
40.37056559,4,1,3,14,7,4,2,23.80541276,18.42650044,112,1
14.81969406,3,1,1,14,7,3,4,10.3470241,19.73978617,59,0
9.694537645,3,2,1,18,3,6,3,30.28348713,14.5557133,119,1
37.78012283,4,2,2,18,3,1,1,3.503811913,7.424565407,81,1
40.53490222,4,2,3,16,3,6,5,20.96045176,18.58774085,97,1
49.53475196,2,2,3,1,6,2,2,27.55743951,12.74371735,29,0
21.21826617,2,2,1,11,6,9,3,22.08432522,7.306239682,23,1
19.2288862,3,1,1,15,3,2,4,37.55927267,18.82590004,14,0
39.04423508,1,2,1,12,3,7,1,41.48228525,16.36203576,50,0
17.69937347,4,1,2,8,8,1,1,38.67653216,15.97557909,49,0
46.60710895,2,1,2,6,8,7,3,2.421240917,15.63771056,43,0
43.06222484,3,2,1,3,7,5,4,10.10937414,8.005097316,89,0
22.02070734,2,2,3,13,4,8,1,27.06207171,8.165100376,54,1
37.79268232,4,1,3,13,4,4,2,46.773691,15.32439498,80,0
37.97260083,4,2,2,2,3,7,1,41.83036037,8.295841252,89,1
6.053069573,5,2,2,5,5,6,4,42.20545816,11.58007545,80,0
45.22509243,1,2,1,17,3,5,5,15.50880559,16.73002738,36,0
25.75736625,5,3,3,6,8,4,5,21.75767091,16.75928777,87,1
41.49641584,3,1,1,2,7,7,3,23.79994439,11.79892659,87,0
16.68243045,2,3,2,4,3,5,4,8.289893376,16.88284907,53,0
44.8806382,3,2,3,11,9,5,1,2.037872447,17.57932694,42,0
20.07088226,4,3,3,8,5,1,1,47.37169352,14.82163627,42,1
1.531044923,5,2,2,12,9,2,5,12.41527299,8.426387785,53,0
45.36371684,5,3,1,8,7,5,5,12.37747073,9.110176706,29,1
5.473047163,5,2,1,11,7,3,2,4.627263162,9.722617331,45,0
16.64636824,3,3,3,8,6,2,5,46.46113372,6.752061616,16,0
47.55303639,4,3,2,8,2,4,2,29.19698719,9.097394306,41,1
47.5797502,2,3,3,17,9,4,1,33.51832443,8.142788365,76,0
29.09845652,2,1,2,16,6,4,2,45.62305592,11.82993125,48,0
31.9600234,3,3,1,14,8,4,2,17.60819836,18.62656322,102,1
22.97383058,5,1,2,11,1,3,3,31.2646119,6.567204751,33,0
15.36732781,1,2,1,7,5,7,5,2.420573009,15.80401886,95,1
17.10456272,3,3,2,16,1,9,2,9.745240147,15.30924507,79,1
33.95340435,3,2,3,13,8,5,1,41.64666735,6.43631298,97,1
37.86635194,4,2,1,15,8,4,4,38.45503364,18.83858607,113,1
39.78737314,2,3,3,16,1,2,2,17.85681323,13.52708303,96,1
39.691289,3,1,3,9,9,2,5,19.15212607,10.45588282,63,0
5.469099049,3,3,1,3,2,5,3,26.91094446,16.34807875,47,0
25.22659493,5,2,1,19,9,7,1,0.511929732,8.860481876,83,1
3.820379241,5,2,3,5,1,9,3,12.44159463,15.40264756,89,1
27.92691523,1,3,3,10,9,7,4,10.80747453,5.595668114,84,0
22.63499457,4,1,3,17,4,5,2,12.89890586,17.59112056,41,0
44.49750496,1,1,3,15,9,6,2,40.39233921,11.72256271,54,0
18.19483562,5,2,1,8,7,3,5,14.3438559,14.55039372,70,0
6.736283805,2,2,1,15,6,5,2,9.980305441,8.318567297,79,0
8.006592421,5,1,3,14,5,8,1,25.46104131,15.15610569,97,1
38.31402095,4,3,2,7,9,1,4,43.3494293,16.58360414,106,1
31.2926851,5,2,2,12,2,1,3,12.44681034,12.0981978,62,1
5.95501113,4,1,1,17,2,7,4,4.387544018,14.26590386,60,0
5.1212335,4,2,3,17,9,5,2,18.14203442,11.84488886,85,0
35.34748744,4,3,3,10,3,5,3,37.50876532,18.41137054,65,1
4.565387312,4,1,1,19,8,1,5,27.75918196,12.46803771,36,0
41.27114291,4,2,2,14,9,9,4,40.93127179,17.62713064,47,1
35.60586913,2,3,2,11,8,1,3,47.99981131,17.02028087,71,0
4.986090251,1,2,2,2,4,5,3,39.7367926,11.15757232,27,0
5.15704799,3,3,1,18,1,9,3,30.3882524,8.451267378,118,1
49.34533935,1,3,2,7,4,4,1,24.92040861,11.09123199,112,1
19.33926899,4,1,1,12,9,8,4,2.483419774,17.39326064,73,1
19.16146521,2,3,1,2,2,6,3,49.22393795,8.414488037,86,0
40.8271788,5,2,3,18,3,3,4,19.48231557,12.86654519,113,1
47.41518029,2,3,2,6,8,4,3,8.035296589,17.09145122,39,0
49.31405213,4,3,1,10,6,2,5,33.50208834,10.30216213,58,1
37.91553108,2,1,2,15,8,1,5,14.57227031,14.63314456,50,0
19.43671969,2,3,2,5,7,8,5,29.49602441,8.684473611,22,1
5.091535118,4,3,3,3,5,1,2,29.54501144,6.639191681,43,0
39.08019888,2,2,2,5,9,1,3,22.56362613,16.91576338,109,1
28.36180824,3,1,3,8,4,4,2,41.88787147,6.484529351,103,1
21.78687845,3,1,1,8,6,6,4,13.61586955,9.070720926,34,0
45.41136487,2,1,2,8,2,9,2,22.70731329,17.82664133,75,1
6.448676633,5,3,1,12,2,1,4,27.11576037,10.19703931,109,1
25.13863011,4,1,2,8,2,7,4,33.34942368,19.59568024,27,0
1.556328594,3,3,1,11,7,5,4,39.3066066,19.69601502,14,0
23.96437146,5,3,2,14,2,8,2,20.0429605,9.024140307,28,1
3.758860508,2,2,2,8,2,7,3,32.47932373,5.614673334,51,0
6.822077897,5,2,2,10,9,4,2,7.955242177,15.57594926,27,0
6.758786092,1,2,2,7,7,4,3,46.66608098,11.76479754,41,0
32.8113048,3,2,2,17,3,6,3,19.46141092,6.511292659,30,0
37.55619908,2,2,2,4,3,6,4,36.61131039,15.61284228,19,0
29.58506949,4,3,2,13,7,9,2,1.506883553,5.467623637,46,1
48.14645488,2,3,2,4,5,5,3,10.65676357,18.05295036,58,0
19.3686584,4,1,2,5,6,8,5,24.61058594,7.079787937,95,1
14.99989223,2,3,1,4,8,5,3,43.97349715,6.909678181,22,0
43.56135728,5,3,3,18,9,2,5,26.59912992,7.63508447,64,1
11.95619609,5,2,2,6,1,6,2,46.52858887,19.40399538,26,0
48.19790443,5,3,3,2,3,9,2,24.44794638,15.3975404,18,1
1.59556926,1,2,2,11,7,3,2,24.77723029,17.02057303,97,1
48.52406251,4,1,2,14,6,1,3,6.427466031,10.96452479,53,0
3.114835686,5,1,1,5,7,1,1,40.23148409,10.04469091,87,0
44.66601257,1,3,1,6,8,3,3,12.72478792,8.517260102,55,0
26.85735435,4,1,3,10,6,5,3,45.03081822,12.20972042,17,0
49.65527501,2,3,1,8,3,3,4,45.58579891,13.277431,46,0
4.616031672,1,1,1,14,2,9,4,47.19385054,14.47662265,28,1
28.13885994,3,2,3,3,7,8,3,26.25140921,8.85677756,72,1
48.49582425,1,2,1,12,1,3,5,34.01614235,19.22981121,101,1
26.63179436,1,2,2,16,3,9,4,39.03653606,7.546377473,55,1
31.84053327,4,2,3,17,4,6,3,6.985223623,19.48479762,114,1
35.09168576,2,3,3,1,1,7,1,30.24738115,5.222841838,103,1
23.27251217,3,1,2,10,5,4,5,2.197746115,12.21688538,80,0
31.75034592,5,3,1,10,3,4,2,25.12952113,10.00051757,35,1
29.63140128,5,2,3,2,2,2,3,8.16471274,11.73685121,113,1
45.15674251,1,3,3,9,3,5,3,9.554684835,13.55996868,55,0
3.226872637,4,1,2,13,8,8,5,18.56985455,11.53383737,55,1
14.76719629,4,3,2,16,6,7,4,21.90563975,11.22270275,84,0
47.57016272,5,1,1,18,7,7,4,31.34703501,15.99085123,23,0
44.62292541,3,3,3,19,6,6,4,4.184206713,15.28814413,94,1
23.32718089,2,1,1,12,6,3,2,25.43274218,17.49906923,72,0
31.38649729,3,1,1,8,3,5,5,9.539943948,8.749384719,81,0
14.59167797,2,2,2,17,8,1,5,28.91177116,14.14292765,12,0
10.21793683,5,1,3,15,7,7,4,32.05152831,13.77792178,37,0
23.72122184,2,2,3,10,7,9,4,28.0571082,10.54606716,38,1
18.31425917,4,2,3,15,6,1,1,37.04562777,12.29086313,96,1
29.59914948,1,2,2,15,5,2,1,17.11265759,9.70673215,27,0
4.808997211,1,3,2,7,8,3,3,38.37277629,7.127665964,44,0
48.74534558,5,3,2,13,5,3,3,21.92197054,8.20701816,86,1
49.32432648,4,3,2,17,9,8,5,24.46713267,6.582704696,85,1
35.20992399,3,3,2,9,9,7,5,32.5810553,15.24604363,56,0
27.26872195,4,1,3,8,1,6,2,1.408740008,14.9109109,14,0
16.1668532,1,1,1,18,6,4,2,32.87271396,19.25909557,112,1
40.87595597,1,3,3,13,7,9,1,31.11996488,15.9451762,84,1
34.55182746,4,1,1,16,3,1,3,15.83743228,5.780687581,68,0
8.968230028,4,1,2,9,7,2,1,4.746817103,18.26367761,84,0
45.63543204,1,2,1,12,7,4,1,5.001304771,17.94012744,68,0
41.3043249,3,2,3,12,2,3,3,46.19957548,11.64980481,115,1
47.54019575,5,2,3,6,7,1,2,34.6193264,13.78794576,56,1
36.56025591,5,2,1,19,1,5,3,6.791579382,19.64117499,104,1
31.0573446,4,1,2,7,5,7,4,18.15779688,12.98456546,104,1
21.49390878,5,3,2,3,9,2,4,29.8279082,18.57982743,22,1
46.70369568,1,1,3,16,7,5,4,41.8607994,6.245581367,87,0
43.43713059,1,1,1,18,7,6,5,2.661215971,7.865778031,118,1
3.215714835,4,1,2,16,2,7,2,12.21334001,11.61132415,115,1
2.29198175,4,2,2,7,8,1,2,44.54257502,13.77135213,98,1
19.44670498,4,2,3,4,3,7,5,0.953694734,17.24341778,42,0
40.71711321,3,2,2,8,8,4,1,10.46925559,19.82393173,106,1
49.37653034,5,3,1,13,3,8,4,47.97169671,10.83277245,71,1
8.370427664,4,1,3,13,7,4,4,30.8633914,5.711234542,88,0
30.11240505,2,3,3,17,2,6,1,13.45273265,17.01757255,25,0
19.66365197,2,2,1,17,4,9,3,3.816059173,14.06571079,53,1
48.52580549,1,3,3,5,6,5,3,1.895471352,7.978142883,67,0
42.26382723,5,1,2,6,9,4,2,12.61488144,12.42242685,111,1
42.07810653,4,1,2,19,5,8,5,44.13354807,16.13465368,15,1
23.96596483,2,2,1,13,9,9,2,21.08772589,16.55617681,117,1
21.32615561,5,2,2,14,5,4,3,36.15650177,12.49427618,98,1
14.39694652,1,3,1,4,8,3,1,45.95510925,9.578217952,24,0
3.762399336,3,2,1,7,1,8,2,20.69800285,19.60613873,13,1
43.37139644,5,2,2,8,7,5,4,9.968229866,14.95043916,65,1
40.83214945,5,1,1,13,4,2,4,26.09733758,11.12356279,73,0
49.98616599,3,2,2,6,5,9,1,45.45014251,9.206948363,77,1
49.83520502,5,2,3,6,6,3,3,40.3165335,15.96654475,103,1
28.21615357,1,1,3,3,5,2,4,3.758577246,8.632751684,43,0
38.68038334,1,1,1,3,1,1,4,34.7823536,7.575649835,100,1
47.29352076,3,3,2,13,9,8,5,28.80892736,12.94750833,104,1
42.63272214,4,2,2,2,2,3,2,45.41942723,9.34981089,65,1
13.12005699,2,1,3,16,9,7,3,6.562830134,14.43357717,41,0
23.07666263,4,3,3,6,2,1,2,26.9347876,6.769080123,117,1
7.328811342,5,3,2,8,9,1,3,44.03340333,14.82411657,112,1
47.74850034,2,2,1,8,6,9,4,20.79617744,9.24944792,18,1
30.70255709,3,2,3,6,9,8,5,24.35874843,5.003644017,72,1
12.20349747,3,3,1,14,6,3,2,3.987803545,6.904040865,114,1
33.91333354,2,1,1,3,6,6,4,14.2681102,19.00423067,81,0
31.28828378,1,3,3,10,2,3,3,16.56307913,18.01031959,87,0
18.54997318,2,2,1,3,8,4,2,47.28356121,8.504135481,42,0
6.564322018,5,1,1,12,3,1,2,14.49203435,16.67557857,96,1
33.90708658,1,1,2,17,7,5,4,23.3130024,14.1285739,30,0
26.49507734,3,3,1,5,5,1,2,33.72956897,19.56357067,64,0
38.8436012,2,2,2,9,3,1,5,8.528076934,10.60408489,85,0
26.48801155,4,3,3,7,1,7,5,24.57889816,15.22190919,66,1
42.75689352,4,3,3,4,8,6,4,37.05768245,5.953035836,11,1
28.0434351,5,3,2,13,3,2,3,43.40933304,10.9437102,22,1
28.48596061,4,1,3,13,2,2,4,31.4998341,19.45726492,13,0
43.95602653,2,1,1,10,1,7,5,33.61814901,13.08471312,93,1
20.77066044,2,2,1,18,4,1,1,6.751031893,9.31819255,59,0
7.566746194,4,2,1,17,8,2,1,47.31593661,6.804064447,57,0
2.410351139,2,3,3,13,3,8,2,7.062416835,15.5529251,87,1
38.00172553,5,3,1,17,1,6,2,38.84631039,14.67284065,39,1
31.39516802,1,3,3,4,4,2,1,13.60840793,10.6090807,38,0
35.49990864,5,2,1,1,9,7,5,46.71286061,19.26412028,17,1
11.43524391,5,1,2,1,1,4,2,36.1379972,5.333042195,21,0
7.682202304,2,1,3,15,2,2,4,37.81377879,9.555857774,50,0
1.712688618,1,3,3,13,9,6,4,11.34342907,18.81604229,111,1
18.17879038,2,3,1,17,2,9,5,22.43047884,9.814031575,35,1
29.90596666,3,3,3,8,3,9,2,31.08175313,8.783792508,59,1
20.21995821,2,3,3,18,7,8,4,38.6136941,13.01330615,11,1
22.43627118,2,2,2,13,3,3,2,5.645989108,17.35702625,64,0
45.30377603,2,1,2,14,9,3,2,48.13708316,6.547201413,113,1
18.06451788,1,3,1,8,6,2,4,44.56592319,19.14531064,65,0
26.18548497,2,2,2,8,3,5,1,13.88225523,16.92609322,23,0
39.39899762,1,3,1,15,9,4,4,41.22663203,7.718753833,15,0
20.43059633,4,3,1,13,1,7,5,26.15703419,15.68011942,115,1
31.48224831,3,1,1,7,3,4,3,23.35942084,10.77438084,113,1
43.25582173,1,3,3,5,1,9,4,16.06448824,11.03442017,104,1
47.52651056,4,1,2,17,2,2,2,29.25794504,16.74935139,90,0
8.206600566,1,1,1,16,8,6,2,36.62951133,19.44177212,98,1
46.40279363,1,1,2,2,7,7,4,20.8411788,6.899838093,70,0
25.11369836,3,2,1,18,2,4,3,31.64635005,11.30945355,105,1
13.65397503,5,2,2,17,2,6,4,35.1159896,12.21412412,21,0
23.49765206,5,1,2,7,9,7,3,35.70052994,10.64467725,22,0
49.02159619,1,3,1,13,6,4,3,3.072321857,10.44783686,28,0
25.13828661,2,1,3,18,5,8,5,43.05751638,5.784030013,53,1
17.1088289,4,3,2,14,6,9,2,23.18353908,15.28307931,98,1
32.03664186,2,1,3,18,9,1,2,13.48959604,11.54321626,104,1
12.76713532,2,3,3,13,7,7,3,12.46734312,7.92190704,68,0
4.717303077,1,2,1,11,9,9,2,24.40919859,17.24050253,46,1
7.315106374,1,3,1,16,4,5,1,44.3981612,17.03841122,34,0
7.274246109,1,1,1,17,2,2,3,19.22820529,12.29587442,25,0
8.443231982,1,2,2,8,8,6,2,37.61142447,9.476759917,47,0
7.80253146,5,3,1,19,4,7,1,5.292527184,14.57139089,52,0
32.4028625,1,3,1,15,9,2,5,24.06480676,9.322282037,96,1
9.912124136,5,3,2,9,4,2,2,49.58846395,8.540118955,23,0
17.93769688,5,3,2,10,8,1,1,38.63667124,15.95771981,15,0
44.94263209,1,3,1,12,9,4,4,10.92116018,5.604878596,98,1
24.22412037,3,2,1,1,9,7,4,25.32135295,6.421527066,32,0
33.71032919,4,2,1,9,4,9,1,12.0644258,5.10182261,69,1
9.443673689,2,2,1,15,1,3,3,20.7732659,7.294147797,116,1
10.42216192,5,2,3,1,3,7,3,39.11415917,6.034850131,21,0
3.002562197,4,1,3,12,9,7,2,38.67562836,19.93703552,22,0
9.277818091,3,2,1,3,4,7,4,11.79096871,9.332149549,109,1
14.65092661,2,3,3,11,5,2,3,46.15005425,7.23902019,112,1
9.67351373,2,3,2,2,7,6,3,29.83212505,8.61494387,107,1
5.346424154,5,2,3,16,5,2,4,19.3062524,19.04188357,15,0
6.911157684,1,3,3,9,4,6,5,25.34581125,12.80240335,72,0
23.57815963,3,2,1,15,2,3,3,30.45102705,10.47227144,47,0
11.1103522,5,3,3,12,2,2,1,28.21458133,18.10087187,59,0
18.84922319,3,1,3,1,4,6,2,24.57704926,10.92485406,61,0
25.66744627,1,1,3,13,9,2,3,25.4941738,10.02512855,49,0
34.8293466,1,2,3,14,8,5,3,9.232389566,8.109237838,17,0
2.926294852,5,2,2,8,3,2,5,40.73027876,10.66695236,70,0
40.17110955,1,2,1,8,9,3,1,27.31713584,9.75026534,17,0
31.76711909,4,3,1,12,5,3,2,6.988453154,15.15955939,113,1
5.006192565,2,2,2,1,3,6,3,38.42477653,9.34374057,106,1
43.80535258,5,1,3,11,5,6,2,46.65597693,13.6579962,43,0
46.12274763,3,3,2,8,4,3,4,47.39169151,5.988382475,117,1
3.992820033,4,2,3,10,8,3,3,18.76637775,7.86933735,88,0
14.56700476,5,3,2,19,5,1,3,7.208085241,11.11107907,109,1
40.50386271,1,3,1,11,8,7,4,26.16078152,19.05423881,69,0
37.66472483,1,2,1,7,9,8,5,6.074156853,10.65877979,66,1
10.04152995,1,3,1,11,4,2,3,46.73237722,14.96111182,108,1
11.25811684,1,1,3,17,7,4,2,9.587191554,8.826308336,55,0
19.15313304,3,1,3,1,2,7,1,13.01191007,6.90550364,31,0
24.74162627,4,3,2,8,6,8,2,20.62850808,5.878049001,96,1
31.2944838,2,2,2,6,8,1,5,19.46664119,9.581202478,49,0
19.07676834,3,3,1,18,7,4,1,39.83581317,7.364915402,54,0
23.66420109,3,1,3,6,7,6,2,23.08768262,7.61015672,64,0
37.62607597,2,3,2,5,8,3,2,8.95302887,16.41138963,60,0
2.797476942,2,3,3,13,7,5,4,13.72688983,5.237571064,95,1
13.36941027,1,1,3,19,5,9,5,25.70111257,13.36715189,14,1
35.95412971,3,3,1,8,7,3,4,7.798968913,10.69192071,104,1
44.86513505,5,3,1,9,3,5,1,30.77695594,12.59825,22,1
26.07219466,2,2,3,17,5,8,4,28.50449167,13.44245356,37,1
27.07356078,2,2,3,3,7,6,5,35.87776466,9.700515417,93,1
6.251428556,4,1,3,19,9,4,3,46.91637846,9.426632903,106,1
22.92320597,5,1,3,11,2,8,3,45.65660077,16.00102774,89,1
27.09824606,5,1,1,17,4,3,1,47.33074309,18.06915482,71,0
12.88105468,2,2,2,19,7,3,3,12.61342205,7.888724487,102,1
14.19291832,1,1,1,2,1,4,4,7.012482679,6.464281408,96,1
19.48692399,4,1,2,8,2,9,1,15.46269667,18.4669371,33,1
1.983488691,5,1,3,19,9,5,5,44.80671605,10.24843195,107,1
16.78187911,2,2,2,7,7,8,1,48.61664699,13.26976086,16,1
11.36095234,5,3,1,17,7,6,1,43.03658508,10.39314717,47,0
17.04737026,4,1,1,6,6,3,2,5.945877196,6.887035045,46,0
6.868344459,4,3,3,19,3,8,2,47.3976859,13.83997467,77,1
44.63583676,3,1,1,6,3,9,1,21.45622235,12.87711278,107,1
30.08603022,2,3,3,2,2,8,3,0.960859393,8.044903388,51,1
34.27601364,4,2,1,6,6,4,2,22.39849017,11.77803567,95,1
39.66939069,3,2,1,5,4,6,5,2.780423899,16.95421256,14,0
25.42366775,3,1,3,19,5,1,4,27.4219571,13.85639155,73,0
5.259094116,5,3,2,4,3,4,2,17.25842436,6.453759906,59,0
27.31822055,5,2,1,17,6,8,1,23.93502921,13.22032246,115,1
29.75521478,3,1,2,11,3,1,3,30.85193286,15.54107449,96,1
37.52653424,5,1,1,4,8,3,4,43.50565424,16.89055109,24,0
22.15131777,4,2,1,13,9,1,2,33.26412804,14.43676368,104,1
7.251434837,1,2,1,17,4,9,3,21.98541899,7.289872468,82,1
14.90501938,4,1,1,9,9,2,3,41.06167876,15.652599,116,1
18.79103252,3,3,2,4,7,9,3,45.32631581,15.16012769,62,1
32.64994483,3,3,2,14,3,4,1,6.428118338,5.366403244,34,0
28.96813693,4,3,1,19,7,2,5,26.83068239,11.17621501,98,1
18.44873957,5,1,1,3,1,4,3,14.58334201,9.994253704,94,1
49.33924719,5,2,2,14,3,6,4,2.829529295,15.04118096,18,1
30.68296615,3,1,3,8,6,7,2,33.59306141,8.242037185,47,0
12.6241128,2,2,3,1,4,3,4,43.20715348,13.86307884,31,0
5.987341158,5,3,2,10,7,3,1,8.563681397,18.69808943,116,1
8.49009782,4,3,1,18,3,8,1,40.71447605,16.96703558,96,1
13.05192869,5,2,1,16,1,5,4,42.74308881,18.82186604,58,0
8.87338729,4,2,3,8,9,4,5,45.75985191,19.6775895,77,0
10.14178418,3,1,3,1,6,7,1,13.63161191,5.160051905,102,1
14.96966327,5,3,2,12,8,7,1,45.24567673,14.34111915,24,0
9.495306169,4,1,3,8,3,9,4,16.37280636,11.19259097,74,1
44.94150581,3,1,2,16,8,9,1,27.84073167,17.89781736,63,1
4.931453537,2,1,3,18,2,5,5,3.000119806,8.77722053,39,0
26.70105809,4,3,3,4,4,8,5,2.672113874,19.71544234,102,1
21.10944452,2,1,3,6,3,1,5,36.15847403,14.20561954,29,0
49.13655223,2,1,1,12,1,9,2,22.50175891,16.90306103,42,1
6.489906206,1,1,1,9,7,8,5,13.18647258,6.283993292,114,1
20.49492435,5,1,1,15,2,6,5,9.925468053,7.751868271,117,1
48.50405123,4,1,3,16,4,3,2,33.6626978,16.3760551,109,1
43.40984917,2,1,2,12,9,3,3,0.519876429,5.329797831,95,1
41.03653148,1,3,2,14,6,8,1,40.39161288,17.25316979,86,1
13.63723853,3,1,2,13,8,5,5,4.422855503,5.20923528,16,0
9.373491782,4,2,2,2,2,7,1,9.978735938,14.85678259,17,0
33.76351778,2,1,1,3,7,5,4,19.61870157,10.4764088,37,0
46.53942347,5,1,1,10,6,8,1,24.50050762,14.17242279,54,1
28.28138176,1,3,3,9,9,4,2,18.07225823,15.4404711,116,1
29.00902178,2,3,3,8,7,2,1,16.37525217,10.13712829,82,0
14.71897559,5,2,2,10,1,3,1,48.2138426,6.619436722,98,1
38.70515373,2,2,1,19,8,8,1,32.25819422,6.044688016,89,1
10.16514368,4,3,2,3,3,7,3,1.659931291,13.83404034,83,0
16.86028258,4,3,3,5,2,2,3,21.79370747,12.80983031,20,0
21.84638549,4,1,3,3,3,6,4,43.81293064,16.13301514,40,0
25.87290856,1,3,2,16,6,9,2,15.42208123,12.64603265,21,1
12.87807689,4,2,3,17,3,4,1,5.180539066,11.33668685,104,1
6.627004412,5,1,2,15,5,9,1,38.04004619,10.97130767,87,1
30.92038208,2,2,1,3,6,2,1,30.49768468,5.396703539,60,0
15.14289711,3,1,2,12,8,2,1,28.73046914,10.03335803,53,0
29.48067285,5,3,1,9,7,9,3,3.152039701,19.64030236,105,1
8.563773048,5,2,1,12,8,7,4,7.454700985,18.10333364,59,0
24.57586499,4,1,3,15,3,7,5,31.31619511,9.940671006,26,0
27.0968822,1,1,3,2,4,1,2,10.78728015,13.81693108,44,0
3.539353304,2,3,3,18,6,6,1,25.45146895,17.70945118,10,0
17.49360963,1,3,2,12,7,7,4,27.47164346,11.61911505,38,0
7.58631917,2,3,2,4,9,6,5,14.53360592,5.269367956,60,0
4.105373553,2,2,3,16,1,6,4,47.4470452,6.117656927,73,0
49.50805139,1,1,2,16,8,2,3,42.20197329,12.65589082,13,0
16.7953384,5,3,3,1,8,6,5,36.25748863,19.54159064,96,1
40.68384785,2,2,2,2,6,4,4,4.360696387,15.39814313,37,0
13.47739208,1,2,1,3,4,9,3,5.753435956,6.063742872,25,1
34.39363339,2,2,1,17,3,1,4,24.89267662,7.840413137,72,0
38.25116513,3,3,3,1,3,8,4,8.455310785,16.56984715,85,1
30.18629829,5,3,2,6,6,5,5,48.92414044,17.6215964,62,1
24.10723324,4,1,2,15,8,1,3,8.346751584,14.26541879,94,1
21.18020479,2,1,1,14,7,4,1,24.62965786,14.66634754,118,1
18.09454506,3,3,1,15,1,1,2,18.52399231,5.425061756,26,0
46.54692807,4,2,3,14,6,6,5,32.14962786,17.42795389,49,1
41.70035098,4,2,1,5,7,2,3,6.88730224,16.82412812,22,1
48.28631862,2,2,3,6,7,5,4,21.80066319,8.885527162,61,0
7.090563951,1,1,1,17,9,7,3,14.09789912,15.6301508,67,0
36.81250628,2,2,1,11,5,2,2,44.44370047,8.222819096,105,1
46.97868238,3,1,2,16,1,6,2,2.508992751,5.604952416,46,0
9.880420242,4,1,1,12,2,6,1,45.72951095,8.017048139,88,0
4.258317101,2,2,1,15,4,5,1,41.73320986,7.679433151,85,0
37.31491182,1,2,3,4,5,5,2,15.22975046,10.06621995,70,0
29.14918255,2,3,1,18,9,3,5,39.56988741,11.27674246,88,0
42.24961006,5,3,3,3,1,2,5,2.045071237,12.62808337,43,1
7.848846455,1,2,1,8,3,7,4,48.35984474,12.15130813,79,0
39.96809828,3,1,1,3,5,1,1,26.56644966,9.060119089,26,0
10.87973868,4,1,3,8,3,6,4,15.51241079,5.437560029,29,0
9.0191412,2,1,2,18,4,6,1,18.44786902,14.07652433,82,0
9.049024099,1,1,3,10,3,3,2,3.787064996,10.93617245,68,0
40.91416129,5,1,3,17,4,2,5,49.47280095,9.480082361,78,0
33.59466381,1,3,3,8,1,2,5,2.444951285,18.00411564,96,1
26.63020581,5,2,2,11,8,9,2,32.9179026,16.20114962,42,1
18.58269372,3,3,1,5,4,5,4,22.41542842,17.86648323,111,1
43.9828265,4,1,3,13,7,7,4,47.4713528,12.42474192,87,0
20.22981026,3,1,3,5,2,5,3,12.67698715,6.963968782,26,0
41.01337253,2,1,2,13,2,7,1,26.83829778,15.44332154,66,0
22.51761052,1,1,3,6,6,4,4,24.37663232,8.091106699,92,1
19.47027704,5,2,1,5,2,8,2,35.29188898,11.61844504,106,1
23.6713095,5,1,2,9,6,7,4,3.866506482,5.975011834,10,0
15.76751583,1,2,1,16,2,5,5,10.09256194,17.37962604,22,0
37.63285963,1,1,1,2,4,6,1,11.12095859,6.889109616,119,1
25.63329911,2,2,2,1,7,5,3,37.03846236,18.54646261,36,0
12.37842206,3,3,3,8,8,7,1,9.862365468,17.96345903,79,0
45.07915409,5,1,1,19,3,2,5,28.88784231,11.96874147,68,0
19.81066985,2,2,1,11,9,5,5,11.15456911,16.16552306,15,0
27.63409019,3,3,1,12,2,3,5,43.15043503,14.29167611,106,1
45.41713344,2,1,1,12,8,9,5,47.13818,17.04613464,103,1
31.5876618,5,1,2,7,8,6,2,26.16540226,11.47707651,119,1
6.728003995,1,1,2,13,4,3,3,17.93928977,16.78712726,108,1
47.05177406,1,2,1,8,1,7,5,12.08585986,11.93685226,32,0
31.7576946,3,2,3,9,1,4,5,2.964159575,19.11448682,19,0
17.41037512,4,3,1,7,2,3,4,13.79075377,12.29558151,60,0
7.824331561,3,2,3,15,9,8,3,32.88467111,11.93928908,28,1
39.90723427,4,2,1,2,2,4,1,26.9140381,16.77607792,60,1
31.38356504,2,1,3,12,2,1,3,47.23004327,17.32366538,101,1
27.13959351,2,1,1,1,6,6,3,20.11572449,13.31733671,96,1
44.80073657,5,1,3,8,7,1,3,34.84623545,7.696967202,77,0
39.64126335,4,1,1,5,7,5,5,24.721476,12.01637346,93,1
8.432069107,5,1,1,15,9,7,5,25.87252269,19.52108754,92,1
16.27438132,1,1,3,1,6,6,2,13.75482857,16.2947929,51,0
13.17596785,4,1,2,1,8,2,1,23.02006345,17.16743906,100,1
37.45336834,3,3,3,10,6,4,4,23.80385735,5.492382482,66,0
2.643089302,1,3,2,10,2,2,3,35.47880483,12.01789194,107,1
28.92459456,1,3,1,15,1,1,1,47.06167996,14.699317,77,0
38.3604756,3,3,3,17,5,3,1,16.80140324,17.45049025,47,0
43.9615162,1,1,3,6,9,3,2,2.588923195,5.739104804,71,0
17.76200569,4,3,3,3,8,7,4,25.06660871,17.78658328,16,0
41.24160793,5,1,2,13,4,1,3,27.45083594,13.22601405,80,0
6.420955111,1,3,2,16,5,9,4,8.837807281,7.959709559,59,1
42.47616229,4,2,1,8,5,6,2,38.14299801,9.758828247,61,1
7.246944454,2,3,2,15,6,4,5,49.25399087,9.228943276,35,0
20.46707724,4,3,2,17,3,3,1,47.31584849,12.96288551,35,1
40.06747292,5,1,1,17,5,3,3,10.25674892,5.775285199,28,0
8.34595394,4,3,3,13,2,2,5,43.83048038,7.378042377,18,0
12.23331837,3,2,3,17,1,2,2,35.372435,17.19039565,70,0
36.39037585,5,1,1,6,1,5,4,22.96540491,6.989059861,29,0
36.28179029,2,1,3,17,7,9,1,27.26024422,8.500944042,115,1
32.41623401,3,3,2,16,2,2,3,42.55520866,11.80055908,118,1
35.00347378,4,1,1,14,4,2,5,24.26667951,12.75681332,59,0
27.59349772,5,1,1,13,5,6,5,18.97376477,16.45415719,89,0
13.33815389,2,1,1,6,7,2,1,24.9157509,11.7099864,90,0
17.93910368,3,1,3,3,2,4,4,29.1669253,16.84796932,31,0
9.898288123,2,1,1,14,6,6,2,9.859343862,14.27519461,22,0
45.51407751,4,1,1,14,1,5,4,45.09493265,6.696496091,21,0
29.58619794,2,2,1,15,7,1,4,33.87225397,7.344971576,19,0
20.64171942,1,3,3,8,9,6,4,31.84681141,11.55550588,74,0
23.63828438,3,2,2,15,5,1,1,5.425063196,10.9533409,105,1
47.41688364,2,1,1,13,5,3,1,30.40660994,16.15316404,39,0
8.514218753,4,1,2,17,4,5,2,6.487552781,13.7110571,17,0
29.72526177,4,3,3,3,3,5,4,4.395534922,10.82199622,30,1
25.78854527,2,2,3,6,9,6,1,26.60188933,7.561404252,31,0
30.96125754,4,3,3,5,5,8,2,20.43788394,8.402556535,27,1
1.887399007,5,2,3,17,8,5,2,29.64610837,13.63251528,75,0
43.73407154,5,1,2,2,9,1,4,4.916497319,11.35158207,57,0
46.67379584,5,3,1,15,5,5,3,21.83366161,12.72391263,53,1
28.691526,1,3,3,5,9,3,4,9.151942395,7.56016153,18,0
35.13589037,2,1,3,6,2,4,3,49.36145425,14.94359379,76,0
46.20246968,1,3,2,6,9,8,2,28.27693552,17.78808111,63,1
35.65469308,4,2,2,18,4,7,1,34.52812462,8.869092602,35,1
8.474413103,1,2,3,18,6,5,5,16.60820489,12.37271339,94,1
29.23812965,4,2,1,4,6,2,2,5.189576282,19.63290994,103,1
30.72903727,4,2,1,17,6,6,1,48.80560771,9.998626108,101,1
21.78240289,3,1,3,14,2,6,2,14.66982225,13.92569517,109,1
37.08576755,5,3,2,14,7,6,4,21.47850517,6.352935503,35,1
46.78398372,4,2,3,13,6,9,3,32.66826412,14.09022504,43,1
46.35285713,3,1,3,7,1,8,2,1.722516235,6.3444766,17,1
23.0911292,5,3,2,12,2,8,1,40.60782696,19.38853153,19,1
6.548664246,4,3,3,15,7,1,4,27.06062041,15.73493978,57,0
49.25721875,4,1,3,19,1,5,5,14.27175076,16.82239682,64,0
42.10600624,1,1,3,11,1,7,4,3.549595272,15.56156541,116,1
7.108471379,1,2,2,15,1,6,3,8.543671566,13.84593554,63,0
46.12125225,5,3,1,12,8,5,4,44.80417601,11.74869172,87,1
43.62492174,4,3,1,3,4,8,5,34.45819908,17.8756007,49,1
26.4230648,2,1,2,17,4,3,1,12.87013522,19.35253501,24,0
29.97249635,1,3,1,3,2,6,2,3.747237865,12.48554259,90,0
20.55113249,5,2,3,19,1,5,3,34.68545796,18.97302574,27,1
3.683320302,4,3,1,4,9,8,5,28.83418244,13.74999365,105,1
17.42466484,4,1,3,3,7,4,3,20.52371646,13.0757628,111,1
40.33981898,2,1,1,16,4,8,4,18.49876673,11.81724099,32,1
1.226969127,5,2,2,12,6,2,3,11.23230666,8.139316423,71,0
17.34145941,4,2,1,8,2,9,5,33.6457572,5.055794912,55,1
20.51026599,1,3,1,17,7,9,2,48.54806738,8.622593403,96,1
27.33238454,2,3,1,7,2,6,2,9.197904669,12.64584757,108,1
46.0729252,5,1,2,11,8,4,3,30.05727269,10.69939928,48,0
17.97095372,2,2,1,18,8,4,1,21.49716026,11.72727842,24,0
18.00070689,1,2,2,1,1,6,3,22.61109173,19.70972329,62,0
37.13756116,5,2,3,3,8,5,4,13.08029037,10.25408556,97,1
23.1586791,2,3,1,4,2,6,2,41.34417635,11.78274409,73,0
12.00563632,3,2,2,13,6,7,2,24.52015241,7.00273327,72,0
23.16953629,1,1,2,6,1,7,2,27.39858968,5.719365987,101,1
7.901993999,1,1,1,14,5,9,1,15.58566518,16.63114272,89,1
9.642962339,1,3,3,5,7,8,1,9.499519051,13.56024763,25,1
25.42002086,3,3,2,16,1,6,5,4.752564216,16.41057209,113,1
21.52734703,3,2,1,15,2,6,3,35.84889748,7.247941983,112,1
45.82744915,4,3,3,15,7,5,3,10.21359694,13.57743157,79,1
18.75730106,2,1,2,4,6,1,4,34.65873003,8.804637115,75,0
29.44882916,4,2,2,8,3,9,2,19.82363408,8.420927254,22,1
31.98095011,2,1,3,16,2,9,1,21.08085265,5.172890211,117,1
1.641628373,3,2,3,16,4,9,4,23.72428606,6.955110854,56,1
33.51333123,3,3,1,4,3,8,4,18.70157115,9.639021672,18,1
9.723762377,4,2,1,13,7,3,1,5.480688873,6.753181409,72,0
48.09244556,5,2,2,13,8,1,3,15.8267746,19.78787661,43,1
8.28447366,4,1,3,2,2,8,2,33.35485085,9.629489728,90,1
21.31658206,2,1,3,3,7,7,3,33.45632787,6.954859201,100,1
5.182133736,4,2,3,8,8,5,4,14.66810321,7.986234692,38,0
49.84683834,1,3,2,15,6,7,2,23.27508001,13.81554843,46,0
25.60755551,2,3,3,11,6,4,5,10.07563779,5.960652858,52,0
30.17386585,2,1,3,9,1,9,4,10.91341804,17.93651195,95,1
4.286747392,5,3,2,7,4,2,3,1.640830876,19.42249519,73,0
37.74806305,3,1,1,13,1,9,3,44.88895422,8.70121131,33,1
11.28537406,2,3,1,2,4,9,3,10.92997992,11.75142903,80,1
45.00466018,3,2,2,8,2,5,1,11.76292691,5.332016765,43,0
11.05184238,4,1,3,7,5,1,4,14.34027092,14.61065337,57,0
10.34369831,1,1,2,12,9,7,2,6.806699549,11.20889087,21,0
2.790933725,5,2,1,19,3,4,3,32.14351272,9.050876992,32,0
24.13128031,3,1,1,7,8,9,3,4.219576182,8.102556659,88,1
28.67721553,2,3,2,10,3,6,1,7.143020103,14.81034616,106,1
4.219723332,3,3,2,16,6,3,2,32.41545797,11.24325547,22,0
39.00085322,2,1,1,3,4,6,4,17.31320071,7.694889335,96,1
23.2111529,3,3,2,10,8,6,5,35.54341742,15.33663622,111,1
26.6951232,2,1,1,6,6,5,1,28.09252486,13.47608425,105,1
22.5973746,4,2,2,18,8,2,4,13.17304807,17.88008082,54,1
20.63738998,2,1,2,18,1,2,5,32.71598355,6.762138483,108,1
28.42237623,2,2,2,5,6,7,3,6.255547174,16.78499903,74,0
8.606772051,1,3,1,7,1,2,3,27.05231396,15.1027518,56,0
9.914478394,2,2,2,2,1,6,2,22.1388312,6.725164052,67,0
43.22749543,1,3,1,11,8,5,5,13.75974235,15.42231095,118,1
47.35965764,5,1,1,13,7,4,3,30.39824739,11.62320933,14,0
19.2921565,1,3,2,5,3,7,3,43.63101282,19.17477178,86,0
14.26648898,4,1,2,6,6,8,2,49.94578264,7.124170259,14,1
32.55597762,1,1,1,14,9,4,4,30.58425705,14.64250086,69,0
21.02797438,5,2,1,12,7,1,3,20.53294078,10.72970068,105,1
2.243931427,4,2,3,4,3,1,1,11.64775146,19.35222006,30,0
8.651477271,3,2,1,6,6,1,1,13.22625643,9.949623429,33,0
36.08263921,3,2,3,10,4,1,4,24.23302142,19.43278864,27,0
33.28727315,1,3,3,18,3,5,5,18.68024621,18.52228777,30,0
2.327703633,1,3,3,15,9,4,2,45.73381887,9.05574853,63,0
11.87663593,5,3,2,8,2,9,1,18.73062565,17.05312665,19,1
12.32266503,5,1,2,9,1,3,1,18.98550726,19.93406303,33,0
33.92274444,2,3,1,5,2,7,4,19.48495837,8.789945033,113,1
1.96581635,5,3,3,10,7,8,5,41.91270041,11.55165754,94,1
6.101320517,2,3,2,6,1,6,5,32.71402188,12.80271105,98,1
40.19588818,4,2,2,16,6,1,4,30.90135809,9.423967037,69,1
9.748688441,1,3,2,3,7,8,1,17.04007961,5.228972595,66,1
32.98455928,4,1,2,10,9,3,2,40.98625675,8.301938663,32,0
12.67095627,5,2,2,11,8,8,1,2.399011137,9.229053265,31,1
5.872628245,4,1,3,11,6,4,5,43.60446003,11.65399552,77,0
12.91543736,4,3,3,17,3,8,1,25.88112004,7.566537176,43,1
36.39107966,4,2,3,4,8,1,2,20.21338663,18.09881535,79,1
42.92912694,5,1,3,4,7,3,3,25.1097804,15.57366699,37,0
41.68077336,4,3,1,17,3,6,1,33.53706876,6.278007163,104,1
20.46199295,2,1,3,9,9,9,4,1.131888613,14.75138677,108,1
33.73617169,5,1,2,19,2,2,3,43.64181689,14.80484715,48,0
11.04423048,4,1,3,5,3,1,4,22.6136065,19.3433176,51,0
15.36423878,5,3,1,6,2,3,4,17.47684273,5.04531307,32,0
44.92045511,3,3,2,3,1,4,4,7.343155499,8.718986747,79,0
1.637094252,2,1,3,1,4,5,1,22.25353603,18.91687219,89,0
5.189918012,4,2,3,16,5,3,5,25.06797718,18.98200873,11,0
11.1864265,3,2,3,11,6,2,3,20.48051138,15.80879629,33,0
2.30007799,3,3,2,13,5,2,2,34.09367464,16.48644982,26,0
9.890336319,5,3,2,10,1,7,5,21.33437817,6.372244369,118,1
29.56903649,3,3,1,3,3,9,1,48.0901701,12.70813752,74,1
21.64980298,2,3,2,9,1,2,4,30.16423713,8.473744869,79,0
44.74091384,2,3,2,12,5,7,2,40.47015781,7.718270654,78,0
41.05473453,1,2,3,14,5,7,3,5.913117204,17.15454949,118,1
17.74905023,2,3,2,1,6,7,5,20.165919,7.02557205,69,0
13.71174824,3,1,3,18,8,3,5,17.17396122,12.02977455,59,0
19.604928,2,1,3,17,1,7,2,28.68937821,19.07867359,102,1
29.92445218,5,2,2,9,4,1,1,43.12511924,7.787480833,21,1
14.1351184,1,1,1,9,1,1,3,4.377741779,19.66990136,112,1
31.58329648,3,2,1,10,9,5,2,4.092452503,19.91431979,56,0
21.06117096,1,2,2,19,7,2,4,42.59072655,13.33425732,76,0
28.05031186,3,1,1,15,7,9,3,11.03607926,7.552141103,74,1
22.37019993,5,3,3,5,5,7,5,33.6032861,9.741573319,36,1
15.42882222,1,1,3,15,7,4,2,27.37246755,11.36739249,57,0
47.47421204,4,1,2,2,2,4,5,41.72823295,9.639863365,97,1
38.41668391,3,2,1,13,4,2,5,6.691901037,9.209533698,71,0
7.865545613,4,1,1,16,7,5,5,6.924256803,19.58344564,53,0
43.55493082,1,2,3,15,3,4,1,28.06250883,7.300472411,28,0
24.88412871,4,3,2,10,2,1,5,47.34574334,15.99991863,68,1
44.83305912,4,3,1,14,2,8,4,21.04238904,5.006154342,17,1
40.19290754,1,3,2,10,1,3,4,16.68363396,13.94274004,64,0
21.83546172,5,1,1,14,5,6,3,30.5311215,18.73914506,117,1
2.100996108,4,2,3,9,6,4,5,46.55720573,9.319011411,56,0
14.16519061,4,3,3,14,6,9,5,41.92792773,7.782889629,11,1
27.54007652,5,2,2,3,9,7,2,49.77643873,14.77519692,103,1
32.04043277,4,2,3,16,4,9,1,1.617144869,15.68902111,103,1
13.63649659,4,3,1,2,1,3,3,6.086478163,15.32045778,48,0
7.82844763,4,3,3,10,6,1,5,30.66865429,9.7897532,54,0
41.9115816,2,2,2,3,5,5,2,41.11853375,8.783036032,41,0
49.23570685,5,3,2,11,6,3,1,14.61959494,19.338782,74,1
26.75881893,4,2,2,11,3,6,3,12.34094886,18.84949262,47,1
9.412285007,5,2,1,13,2,8,3,39.45530207,11.85974915,86,1
14.343059,3,3,1,7,6,4,5,3.290901766,17.69290799,20,0
1.901143151,3,1,1,17,1,5,3,18.78444106,11.78485216,19,0
45.80064152,4,3,1,2,7,5,2,25.53755652,11.36583527,68,1
6.769803062,5,1,1,12,7,4,3,28.23725938,7.351444214,99,1
29.2493073,5,2,3,10,7,4,4,36.56645026,11.39609085,64,1
14.42870581,5,2,1,18,1,4,2,18.06486331,13.06125408,29,0
28.15472212,2,1,1,11,4,4,1,30.82787506,5.337564911,90,0
32.91959903,3,2,3,16,7,4,1,29.47608343,11.66169508,26,0
41.65734838,5,1,1,17,9,5,5,27.60699698,16.72034328,77,0
11.11464232,5,1,2,19,5,2,5,32.20392301,15.20069085,14,0
1.538795604,2,2,1,18,2,2,4,13.34273397,14.52735483,69,0
7.707395873,2,1,1,3,7,9,1,4.690113302,18.64333143,32,1
45.10091345,5,3,2,16,1,2,1,6.403947766,5.270480147,55,1
43.8206138,1,3,2,6,7,6,1,11.61682794,13.35571379,61,0
30.27324201,5,2,2,12,6,2,1,25.25979781,16.81023273,19,1
30.42532616,5,2,2,11,7,5,3,42.10191615,13.12003074,55,1
33.58679705,2,1,1,15,3,4,2,35.21402043,9.858433289,37,0
9.593192653,2,1,2,15,3,7,2,39.55750991,7.043758476,106,1
45.80618535,5,1,2,16,7,7,4,17.87329338,18.31344608,52,0
21.51975572,5,1,3,10,2,6,3,20.53036021,12.06143589,35,0
19.77378788,5,3,2,12,1,5,1,19.98725336,18.17172795,64,0
26.42696756,2,3,2,13,9,1,1,9.997722628,13.78778184,57,0
3.301332372,5,2,3,4,9,3,5,3.530224578,15.11288175,38,0
9.147885069,5,1,3,7,7,9,5,29.75034659,17.06391732,36,1
37.1636472,4,1,1,2,7,1,4,49.46622583,14.88733317,27,0
5.057134728,1,2,3,15,3,5,1,8.758070395,10.97082261,113,1
30.55445336,3,1,1,8,2,2,4,2.810898585,12.70450076,69,0
13.02210637,1,1,3,7,7,4,3,39.08681825,17.04568287,83,0
20.07548509,4,1,3,15,9,1,2,13.00300733,10.60475445,115,1
15.1459931,3,1,1,14,1,3,1,41.56736836,10.82182185,78,0
18.42796311,5,1,3,8,4,7,3,35.34486502,6.435351741,83,0
36.23324935,4,2,1,12,6,3,1,47.31084008,18.71876653,30,1
15.55896407,5,1,3,13,7,4,5,20.74189817,6.365544724,33,0
28.75382737,2,2,2,11,7,2,4,33.26750705,14.72313766,111,1
24.32646971,4,1,3,17,2,3,5,23.51031165,11.19791718,12,0
33.5198871,2,3,1,17,4,9,2,31.71414052,11.08429085,113,1
46.90465723,4,3,3,4,5,3,5,22.75514585,15.19327755,104,1
36.89603276,4,3,1,8,1,5,1,9.837296198,6.006405989,71,1
11.53207855,2,3,1,5,1,2,5,25.64092209,13.90558674,114,1
2.527973618,3,2,2,16,3,4,1,26.66491797,16.58047679,110,1
13.85093817,1,2,2,4,3,7,2,40.62489049,17.42319137,11,0
30.1588186,5,1,1,15,8,7,5,36.90827494,7.557955841,75,0
3.519864861,4,3,3,12,9,3,4,33.35768539,18.46128575,112,1
25.32194611,5,2,1,5,1,5,4,6.11266123,14.84219138,51,1
30.2452996,2,1,1,16,2,1,4,36.17050639,18.22782201,117,1
17.37795065,5,1,3,14,2,1,5,25.26510524,12.27921076,43,0
38.77469798,2,2,3,10,4,5,5,44.75792704,13.13050018,51,0
6.223314404,5,3,3,7,2,9,5,46.03361124,18.78557416,29,1
4.681751305,1,1,3,13,7,1,1,3.230251235,18.49864315,106,1
36.68124905,1,3,1,5,9,1,2,41.12175724,11.7224131,77,0
25.27907449,1,3,1,3,7,4,4,2.366020826,9.116189475,54,0
34.73171742,1,3,2,15,6,4,1,18.67489647,10.89755652,117,1
22.30653959,1,1,1,4,1,2,4,27.34384879,10.81646493,84,0
13.07369963,1,3,3,15,9,9,1,7.830989532,9.303003125,51,1
41.13601357,2,1,2,14,5,9,5,37.44253372,9.028694065,56,1
40.17137807,4,3,3,19,5,2,4,0.913557857,17.91594405,14,1
35.04012707,5,1,1,13,6,9,5,8.845652897,6.04792881,98,1
14.33511172,1,3,2,10,9,6,4,29.24944308,15.16416773,58,0
29.92130268,2,2,3,5,8,8,3,35.86218432,7.592300772,46,1
18.68772095,2,3,2,6,8,4,1,45.87383358,10.1675884,43,0
5.487521593,2,3,2,4,8,2,3,35.42208427,5.923145512,82,0
45.9483652,4,1,1,2,1,2,1,33.75307388,9.049604553,79,0
7.704112915,5,1,3,16,1,9,2,20.01988674,16.52631607,27,1
47.56163034,4,3,2,18,8,1,4,0.563579064,18.27522987,87,1
22.85428287,3,2,2,5,5,7,2,6.447883307,8.322907279,28,0
